<?xml version="1.0" encoding="UTF-8"?>
<project-private xmlns="http://www.netbeans.org/ns/project-private/1">
    <editor-bookmarks xmlns="http://www.netbeans.org/ns/editor-bookmarks/2" lastBookmarkId="0"/>
    <open-files xmlns="http://www.netbeans.org/ns/projectui-open-files/2">
        <group>
            <file>file:/var/www/html/blog_/resources/views/posts/edit.blade.php</file>
            <file>file:/var/www/html/blog_/resources/views/posts/show.blade.php</file>
            <file>file:/var/www/html/blog_/resources/views/posts/index.blade.php</file>
            <file>file:/var/www/html/blog_/public/css/style.css</file>
            <file>file:/var/www/html/blog_/app/Http/Controllers/PostController.php</file>
        </group>
    </open-files>
</project-private>
